DATA_DATE,SYMBOL,fin_type,ref_price,fund_price,diff
2022-08-31,NL0011819040,Government Bond,104.59,104.59,0.0
2022-08-31,SE0008014062,Government Bond,122.67,122.67,0.0
2022-08-31,ES0000012852,Government Bond,125.07,125.07,0.0
2022-08-31,US912810FQ68,Government Bond,232.32,232.32,0.0
2022-08-31,AU0000XCLWV6,Government Bond,161.95,161.95,0.0
2022-08-31,GB00BNNGP882,Government Bond,213.09,213.09,0.0
2022-08-31,GB00BYMWG366,Government Bond,220.1,220.1,0.0
2022-08-31,US912810FH69,Government Bond,235.0,235.0,0.0
2022-08-31,US912828ZZ63,Government Bond,120.96,120.96,0.0
2022-08-31,FR0014001N38,Government Bond,122.95,122.95,0.0
2022-08-31,US912810RW09,Government Bond,154.8,154.8,0.0
2022-08-31,JP1300521G93,Government Bond,98.11,98.11,0.0
2022-08-31,IT0003745541,Government Bond,180.04,180.04,0.0
2022-08-31,ES00000127C8,Government Bond,132.84,132.84,0.0
2022-08-31,ES00000127G9,Government Bond,109.71,109.71,0.0
2022-08-31,JP1103451GC0,Government Bond,100.87,100.87,0.0
2022-08-31,GB00B421JZ66,Government Bond,311.74,311.74,0.0
2022-08-31,BE0000331406,Government Bond,164.26,164.26,0.0
2022-08-31,US91282CDC29,Government Bond,110.45,110.45,0.0
2022-08-31,AU3TB0000135,Government Bond,117.84,117.84,0.0
2022-08-31,AU0000XCLWP8,Government Bond,150.12,150.12,0.0
2022-09-30,NL0011819040,Government Bond,104.29,104.29,0.0
2022-09-30,SE0008014062,Government Bond,122.3,122.3,0.0
2022-09-30,US912810FQ68,Government Bond,231.9,231.9,0.0
2022-09-30,GB00B421JZ66,Government Bond,311.11,311.11,0.0
2022-09-30,AU0000XCLWV6,Government Bond,161.05,161.05,0.0
2022-09-30,GB00BNNGP882,Government Bond,212.66,212.66,0.0
2022-09-30,GB00BYMWG366,Government Bond,219.54,219.54,0.0
2022-09-30,US912810FH69,Government Bond,234.46,234.46,0.0
2022-09-30,US912828ZZ63,Government Bond,120.68,120.68,0.0
2022-09-30,FR0014001N38,Government Bond,122.42,122.42,0.0
2022-09-30,US912810RW09,Government Bond,154.8,154.8,0.0
2022-09-30,JP1300521G93,Government Bond,97.96,97.96,0.0
2022-09-30,IT0003745541,Government Bond,179.07,179.07,0.0
2022-09-30,AU3TB0000135,Government Bond,117.15,117.15,0.0
2022-09-30,ES00000127C8,Government Bond,132.17,132.17,0.0
2022-09-30,AU0000XCLWP8,Government Bond,149.28,149.28,0.0
2022-09-30,BE0000331406,Government Bond,163.67,163.67,0.0
2022-09-30,US91282CDC29,Government Bond,110.17,110.17,0.0
2022-09-30,JP1103451GC0,Government Bond,100.84,100.84,0.0
2022-09-30,ES0000012852,Government Bond,124.38,124.38,0.0
2022-09-30,ES00000127G9,Government Bond,109.12,109.12,0.0
2022-10-31,AU0000XCLWV6,Government Bond,177.507,161.37,-16.137
2022-10-31,AU0000XCLWP8,Government Bond,164.461,149.51,-14.951000000000022
2022-10-31,BE0000331406,Government Bond,180.334,163.94,-16.394000000000005
2022-10-31,ES00000127G9,Government Bond,120.263,109.33,-10.933000000000007
2022-10-31,IT0003745541,Government Bond,197.208,179.28,-17.927999999999997
2022-10-31,FR0014001N38,Government Bond,134.783,122.53,-12.252999999999986
2022-10-31,JP1300521G93,Government Bond,107.921,98.11,-9.811000000000007
2022-10-31,JP1103451GC0,Government Bond,110.935,100.85,-10.085000000000008
2022-10-31,NL0011819040,Government Bond,115.049,104.59,-10.459000000000003
2022-10-31,ES0000012852,Government Bond,137.082,124.62,-12.461999999999989
2022-10-31,SE0008014062,Government Bond,135.003,122.73,-12.272999999999982
2022-10-31,ES00000127C8,Government Bond,145.596,132.36,-13.23599999999999
2022-10-31,US912828ZZ63,Government Bond,132.737,120.67,-12.066999999999993
2022-10-31,US91282CDC29,Government Bond,121.22,110.2,-11.019999999999996
2022-10-31,US912810RW09,Government Bond,170.005,154.55,-15.454999999999984
2022-10-31,US912810FQ68,Government Bond,254.936,231.76,-23.176000000000016
2022-10-31,US912810FH69,Government Bond,257.895,234.45,-23.444999999999993
2022-10-31,GB00BNNGP882,Government Bond,234.762,213.42,-21.342000000000013
2022-10-31,GB00BYMWG366,Government Bond,241.945,219.95,-21.995000000000005
2022-10-31,AU3TB0000135,Government Bond,129.118,117.38,-11.738
2022-10-31,GB00B421JZ66,Government Bond,343.453,312.23,-31.222999999999956
2022-11-30,NL0011819040,Government Bond,104.55,104.55,0.0
2022-11-30,SE0008014062,Government Bond,122.65,122.65,0.0
2022-11-30,ES0000012852,Government Bond,124.95,124.95,0.0
2022-11-30,US912810FQ68,Government Bond,232.45,232.45,0.0
2022-11-30,GB00B421JZ66,Government Bond,313.06,313.06,0.0
2022-11-30,GB00BNNGP882,Government Bond,213.99,213.99,0.0
2022-11-30,GB00BYMWG366,Government Bond,220.95,220.95,0.0
2022-11-30,BE0000331406,Government Bond,164.36,164.36,0.0
2022-11-30,US912828ZZ63,Government Bond,120.97,120.97,0.0
2022-11-30,FR0014001N38,Government Bond,123.12,123.12,0.0
2022-11-30,US912810RW09,Government Bond,155.03,155.03,0.0
2022-11-30,US91282CDC29,Government Bond,110.43,110.43,0.0
2022-11-30,IT0003745541,Government Bond,180.15,180.15,0.0
2022-11-30,ES00000127C8,Government Bond,132.88,132.88,0.0
2022-11-30,ES00000127G9,Government Bond,109.56,109.56,0.0
2022-11-30,JP1103451GC0,Government Bond,100.85,100.85,0.0
2022-11-30,US912810FH69,Government Bond,235.02,235.02,0.0
2022-11-30,JP1300521G93,Government Bond,97.96,97.96,0.0
2022-11-30,AU3TB0000135,Government Bond,117.79,117.79,0.0
2022-11-30,AU0000XCLWV6,Government Bond,162.02,162.02,0.0
2022-11-30,AU0000XCLWP8,Government Bond,150.04,150.04,0.0
2022-12-31,SE0008014062,Government Bond,122.4,122.4,0.0
2022-12-31,ES0000012852,Government Bond,124.55,124.55,0.0
2022-12-31,US912810FQ68,Government Bond,232.26,232.26,0.0
2022-12-31,GB00B421JZ66,Government Bond,311.76,311.76,0.0
2022-12-31,AU0000XCLWV6,Government Bond,161.34,161.34,0.0
2022-12-31,GB00BNNGP882,Government Bond,213.1,213.1,0.0
2022-12-31,GB00BYMWG366,Government Bond,220.2,220.2,0.0
2022-12-31,US912810FH69,Government Bond,234.87,234.87,0.0
2022-12-31,BE0000331406,Government Bond,163.92,163.92,0.0
2022-12-31,US912828ZZ63,Government Bond,120.89,120.89,0.0
2022-12-31,US912810RW09,Government Bond,155.04,155.04,0.0
2022-12-31,US91282CDC29,Government Bond,110.37,110.37,0.0
2022-12-31,IT0003745541,Government Bond,179.58,179.58,0.0
2022-12-31,AU3TB0000135,Government Bond,117.35,117.35,0.0
2022-12-31,AU0000XCLWP8,Government Bond,149.38,149.38,0.0
2022-12-31,JP1103451GC0,Government Bond,100.85,100.85,0.0
2022-12-31,NL0011819040,Government Bond,104.36,104.36,0.0
2022-12-31,FR0014001N38,Government Bond,122.73,122.73,0.0
2022-12-31,ES00000127G9,Government Bond,109.34,109.34,0.0
2022-12-31,JP1300521G93,Government Bond,98.05,98.05,0.0
2022-12-31,ES00000127C8,Government Bond,132.45,132.45,0.0
2023-01-31,NL0011819040,Government Bond,104.34,104.34,0.0
2023-01-31,SE0008014062,Government Bond,122.44,122.44,0.0
2023-01-31,ES0000012852,Government Bond,124.42,124.42,0.0
2023-01-31,US912810FQ68,Government Bond,231.82,231.82,0.0
2023-01-31,GB00B421JZ66,Government Bond,311.47,311.47,0.0
2023-01-31,AU0000XCLWV6,Government Bond,161.01,161.01,0.0
2023-01-31,GB00BNNGP882,Government Bond,212.9,212.9,0.0
2023-01-31,GB00BYMWG366,Government Bond,219.86,219.86,0.0
2023-01-31,US912810FH69,Government Bond,234.41,234.41,0.0
2023-01-31,BE0000331406,Government Bond,163.75,163.75,0.0
2023-01-31,US912828ZZ63,Government Bond,120.65,120.65,0.0
2023-01-31,FR0014001N38,Government Bond,122.45,122.45,0.0
2023-01-31,US912810RW09,Government Bond,154.6,154.6,0.0
2023-01-31,US91282CDC29,Government Bond,110.15,110.15,0.0
2023-01-31,JP1300521G93,Government Bond,98.08,98.08,0.0
2023-01-31,IT0003745541,Government Bond,179.13,179.13,0.0
2023-01-31,AU3TB0000135,Government Bond,117.1,117.1,0.0
2023-01-31,ES00000127C8,Government Bond,132.26,132.26,0.0
2023-01-31,AU0000XCLWP8,Government Bond,149.22,149.22,0.0
2023-01-31,ES00000127G9,Government Bond,109.22,109.22,0.0
2023-01-31,JP1103451GC0,Government Bond,100.77,100.77,0.0
2023-02-28,NL0011819040,Government Bond,104.36,104.36,0.0
2023-02-28,SE0008014062,Government Bond,122.57,122.57,0.0
2023-02-28,US912810FQ68,Government Bond,231.93,231.93,0.0
2023-02-28,GB00B421JZ66,Government Bond,311.7,311.7,0.0
2023-02-28,AU0000XCLWV6,Government Bond,161.06,161.06,0.0
2023-02-28,GB00BNNGP882,Government Bond,213.06,213.06,0.0
2023-02-28,GB00BYMWG366,Government Bond,219.99,219.99,0.0
2023-02-28,US912810FH69,Government Bond,234.48,234.48,0.0
2023-02-28,BE0000331406,Government Bond,163.72,163.72,0.0
2023-02-28,US912810RW09,Government Bond,154.81,154.81,0.0
2023-02-28,US91282CDC29,Government Bond,110.2,110.2,0.0
2023-02-28,JP1300521G93,Government Bond,98.12,98.12,0.0
2023-02-28,AU3TB0000135,Government Bond,117.12,117.12,0.0
2023-02-28,ES00000127C8,Government Bond,132.27,132.27,0.0
2023-02-28,AU0000XCLWP8,Government Bond,149.2,149.2,0.0
2023-02-28,ES00000127G9,Government Bond,109.23,109.23,0.0
2023-02-28,JP1103451GC0,Government Bond,100.85,100.85,0.0
2023-02-28,ES0000012852,Government Bond,124.44,124.44,0.0
2023-02-28,FR0014001N38,Government Bond,122.57,122.57,0.0
2023-02-28,IT0003745541,Government Bond,179.25,179.25,0.0
2023-02-28,US912828ZZ63,Government Bond,120.69,120.69,0.0
2023-03-31,NL0011819040,Government Bond,104.29,104.29,0.0
2023-03-31,SE0008014062,Government Bond,122.11,122.11,0.0
2023-03-31,ES0000012852,Government Bond,124.41,124.41,0.0
2023-03-31,US912810FQ68,Government Bond,231.73,231.73,0.0
2023-03-31,GB00B421JZ66,Government Bond,311.24,311.24,0.0
2023-03-31,AU0000XCLWV6,Government Bond,161.17,161.17,0.0
2023-03-31,GB00BNNGP882,Government Bond,212.74,212.74,0.0
2023-03-31,GB00BYMWG366,Government Bond,219.69,219.69,0.0
2023-03-31,US912810FH69,Government Bond,234.24,234.24,0.0
2023-03-31,BE0000331406,Government Bond,163.72,163.72,0.0
2023-03-31,US912828ZZ63,Government Bond,120.57,120.57,0.0
2023-03-31,FR0014001N38,Government Bond,122.54,122.54,0.0
2023-03-31,US912810RW09,Government Bond,154.7,154.7,0.0
2023-03-31,US91282CDC29,Government Bond,110.07,110.07,0.0
2023-03-31,JP1300521G93,Government Bond,98.09,98.09,0.0
2023-03-31,IT0003745541,Government Bond,179.3,179.3,0.0
2023-03-31,AU3TB0000135,Government Bond,117.17,117.17,0.0
2023-03-31,ES00000127C8,Government Bond,132.29,132.29,0.0
2023-03-31,AU0000XCLWP8,Government Bond,149.23,149.23,0.0
2023-03-31,ES00000127G9,Government Bond,109.24,109.24,0.0
2023-03-31,JP1103451GC0,Government Bond,100.85,100.85,0.0
2023-04-30,NL0011819040,Government Bond,104.47,104.47,0.0
2023-04-30,ES0000012852,Government Bond,124.58,124.58,0.0
2023-04-30,US912810FQ68,Government Bond,232.05,232.05,0.0
2023-04-30,GB00B421JZ66,Government Bond,311.56,311.56,0.0
2023-04-30,GB00BNNGP882,Government Bond,212.97,212.97,0.0
2023-04-30,GB00BYMWG366,Government Bond,219.95,219.95,0.0
2023-04-30,US912810FH69,Government Bond,234.74,234.74,0.0
2023-04-30,BE0000331406,Government Bond,163.99,163.99,0.0
2023-04-30,US912828ZZ63,Government Bond,120.82,120.82,0.0
2023-04-30,FR0014001N38,Government Bond,122.68,122.68,0.0
2023-04-30,US912810RW09,Government Bond,154.71,154.71,0.0
2023-04-30,US91282CDC29,Government Bond,110.32,110.32,0.0
2023-04-30,JP1300521G93,Government Bond,98.16,98.16,0.0
2023-04-30,IT0003745541,Government Bond,179.5,179.5,0.0
2023-04-30,AU3TB0000135,Government Bond,117.54,117.54,0.0
2023-04-30,ES00000127G9,Government Bond,109.4,109.4,0.0
2023-04-30,JP1103451GC0,Government Bond,100.82,100.82,0.0
2023-04-30,SE0008014062,Government Bond,122.76,122.76,0.0
2023-04-30,ES00000127C8,Government Bond,132.44,132.44,0.0
2023-04-30,AU0000XCLWP8,Government Bond,149.74,149.74,0.0
2023-04-30,AU0000XCLWV6,Government Bond,161.61,161.61,0.0
2023-05-31,NL0011819040,Government Bond,104.68,104.68,0.0
2023-05-31,SE0008014062,Government Bond,122.76,122.76,0.0
2023-05-31,ES0000012852,Government Bond,124.84,124.84,0.0
2023-05-31,US912810FQ68,Government Bond,232.27,232.27,0.0
2023-05-31,GB00B421JZ66,Government Bond,311.61,311.61,0.0
2023-05-31,GB00BNNGP882,Government Bond,213.0,213.0,0.0
2023-05-31,GB00BYMWG366,Government Bond,219.99,219.99,0.0
2023-05-31,US912810FH69,Government Bond,234.87,234.87,0.0
2023-05-31,BE0000331406,Government Bond,164.2,164.2,0.0
2023-05-31,US912828ZZ63,Government Bond,120.89,120.89,0.0
2023-05-31,US912810RW09,Government Bond,154.93,154.93,0.0
2023-05-31,US91282CDC29,Government Bond,110.39,110.39,0.0
2023-05-31,IT0003745541,Government Bond,179.74,179.74,0.0
2023-05-31,ES00000127C8,Government Bond,132.65,132.65,0.0
2023-05-31,JP1103451GC0,Government Bond,100.83,100.83,0.0
2023-05-31,AU0000XCLWV6,Government Bond,161.67,161.67,0.0
2023-05-31,FR0014001N38,Government Bond,122.79,122.79,0.0
2023-05-31,JP1300521G93,Government Bond,98.04,98.04,0.0
2023-05-31,ES00000127G9,Government Bond,109.56,109.56,0.0
2023-05-31,AU0000XCLWP8,Government Bond,149.76,149.76,0.0
2023-05-31,AU3TB0000135,Government Bond,117.57,117.57,0.0
2023-06-30,NL0011819040,Government Bond,104.22,104.22,0.0
2023-06-30,SE0008014062,Government Bond,122.45,122.45,0.0
2023-06-30,ES0000012852,Government Bond,124.41,124.41,0.0
2023-06-30,US912810FQ68,Government Bond,231.72,231.72,0.0
2023-06-30,GB00B421JZ66,Government Bond,310.91,310.91,0.0
2023-06-30,AU0000XCLWV6,Government Bond,161.13,161.13,0.0
2023-06-30,GB00BYMWG366,Government Bond,219.4,219.4,0.0
2023-06-30,US912810FH69,Government Bond,234.24,234.24,0.0
2023-06-30,BE0000331406,Government Bond,163.7,163.7,0.0
2023-06-30,US912828ZZ63,Government Bond,120.57,120.57,0.0
2023-06-30,FR0014001N38,Government Bond,122.54,122.54,0.0
2023-06-30,US912810RW09,Government Bond,154.73,154.73,0.0
2023-06-30,US91282CDC29,Government Bond,110.04,110.04,0.0
2023-06-30,JP1300521G93,Government Bond,98.05,98.05,0.0
2023-06-30,IT0003745541,Government Bond,179.22,179.22,0.0
2023-06-30,AU3TB0000135,Government Bond,117.18,117.18,0.0
2023-06-30,AU0000XCLWP8,Government Bond,149.28,149.28,0.0
2023-06-30,ES00000127G9,Government Bond,109.27,109.27,0.0
2023-06-30,JP1103451GC0,Government Bond,100.86,100.86,0.0
2023-06-30,GB00BNNGP882,Government Bond,212.52,212.52,0.0
2023-06-30,ES00000127C8,Government Bond,132.27,132.27,0.0
2023-07-31,BE0000331406,Government Bond,163.82,163.82,0.0
2023-07-31,AU3TB0000135,Government Bond,117.35,117.35,0.0
2023-07-31,ES00000127G9,Government Bond,109.31,109.31,0.0
2023-07-31,IT0003745541,Government Bond,179.34,179.34,0.0
2023-07-31,FR0014001N38,Government Bond,122.6,122.6,0.0
2023-07-31,JP1300521G93,Government Bond,98.04,98.04,0.0
2023-07-31,JP1103451GC0,Government Bond,100.81,100.81,0.0
2023-07-31,NL0011819040,Government Bond,104.35,104.35,0.0
2023-07-31,ES0000012852,Government Bond,124.46,124.46,0.0
2023-07-31,SE0008014062,Government Bond,122.48,122.48,0.0
2023-07-31,ES00000127C8,Government Bond,132.31,132.31,0.0
2023-07-31,US912828ZZ63,Government Bond,120.64,120.64,0.0
2023-07-31,US91282CDC29,Government Bond,110.11,110.11,0.0
2023-07-31,US912810RW09,Government Bond,154.72,154.72,0.0
2023-07-31,US912810FQ68,Government Bond,231.82,231.82,0.0
2023-07-31,US912810FH69,Government Bond,234.38,234.38,0.0
2023-07-31,GB00BNNGP882,Government Bond,213.04,213.04,0.0
2023-07-31,GB00BYMWG366,Government Bond,219.91,219.91,0.0
2023-07-31,GB00B421JZ66,Government Bond,311.68,311.68,0.0
2023-07-31,AU0000XCLWV6,Government Bond,161.35,161.35,0.0
2023-07-31,AU0000XCLWP8,Government Bond,149.46,149.46,0.0
2023-08-31,BE0000331406,Government Bond,163.87,163.87,0.0
2023-08-31,AU3TB0000135,Government Bond,117.42,117.42,0.0
2023-08-31,AU0000XCLWP8,Government Bond,149.67,149.67,0.0
2023-08-31,ES00000127G9,Government Bond,109.32,109.32,0.0
2023-08-31,IT0003745541,Government Bond,179.33,179.33,0.0
2023-08-31,FR0014001N38,Government Bond,122.6,122.6,0.0
2023-08-31,JP1300521G93,Government Bond,98.14,98.14,0.0
2023-08-31,JP1103451GC0,Government Bond,100.91,100.91,0.0
2023-08-31,NL0011819040,Government Bond,104.45,104.45,0.0
2023-08-31,ES0000012852,Government Bond,124.53,124.53,0.0
2023-08-31,SE0008014062,Government Bond,122.42,122.42,0.0
2023-08-31,ES00000127C8,Government Bond,132.34,132.34,0.0
2023-08-31,US912828ZZ63,Government Bond,120.72,120.72,0.0
2023-08-31,US91282CDC29,Government Bond,110.29,110.29,0.0
2023-08-31,US912810RW09,Government Bond,154.5,154.5,0.0
2023-08-31,US912810FQ68,Government Bond,231.8,231.8,0.0
2023-08-31,GB00BNNGP882,Government Bond,212.81,212.81,0.0
2023-08-31,GB00BYMWG366,Government Bond,219.77,219.77,0.0
2023-08-31,GB00B421JZ66,Government Bond,311.33,311.33,0.0
2023-08-31,AU0000XCLWV6,Government Bond,161.21,161.21,0.0
2023-08-31,US912810FH69,Government Bond,234.54,234.54,0.0
2022-08-31,AXP,Equities,149.83,149.83,0.0
2022-08-31,ANSS,Equities,248.3,248.3,0.0
2022-08-31,ACGL,Equities,45.72,45.72,0.0
2022-08-31,AZO,Equities,2119.21,2119.21,0.0
2022-08-31,AVY,Equities,180.52,180.52,0.0
2022-08-31,BK,Equities,40.11,40.11,0.0
2022-08-31,BR,Equities,167.91,167.91,0.0
2022-08-31,CPB,Equities,48.94,48.94,0.0
2022-08-31,CRL,Equities,205.25,205.25,0.0
2022-08-31,COP,Equities,104.17,104.17,0.0
2022-08-31,CPRT,Equities,29.91,29.91,0.0
2022-08-31,DRI,Equities,119.65,119.65,0.0
2022-08-31,DAL,Equities,31.0,31.0,0.0
2022-08-31,EBAY,Equities,43.41,43.41,0.0
2022-08-31,EW,Equities,90.1,90.1,0.0
2022-08-31,LLY,Equities,298.04,298.04,0.0
2022-08-31,ENPH,Equities,286.44,286.44,0.0
2022-08-31,EXR,Equities,189.91,189.91,0.0
2022-08-31,FOXA,Equities,33.94,33.94,0.0
2022-08-31,HAL,Equities,29.63,29.63,0.0
2022-08-31,HOLX,Equities,67.56,67.56,0.0
2022-08-31,IEX,Equities,198.89,198.89,0.0
2022-08-31,IFF,Equities,106.55,106.55,0.0
2022-08-31,LEN,Equities,76.3,76.3,0.0
2022-08-31,LYV,Equities,90.36,90.36,0.0
2022-08-31,LYB,Equities,78.72,78.72,0.0
2022-08-31,MMC,Equities,159.08,159.08,0.0
2022-08-31,META,Equities,162.93,162.93,0.0
2022-08-31,MHK,Equities,110.36,110.36,0.0
2022-08-31,MCO,Equities,281.74,281.74,0.0
2022-08-31,NWL,Equities,17.12,17.12,0.0
2022-08-31,ODFL,Equities,270.17,270.17,0.0
2022-08-31,DGX,Equities,122.83,122.83,0.0
2022-08-31,REGN,Equities,581.06,581.06,0.0
2022-08-31,ROK,Equities,232.95,232.95,0.0
2022-08-31,SO,Equities,74.0,74.0,0.0
2022-08-31,SEDG,Equities,275.97,275.97,0.0
2022-08-31,STT,Equities,65.97,65.97,0.0
2022-08-31,TPR,Equities,33.67,33.67,0.0
2022-08-31,TFC,Equities,44.21,44.21,0.0
2022-08-31,GOOG,Equities,109.15,109.15,0.0
2022-08-31,CSCO,Equities,43.3,43.3,0.0
2022-08-31,CAG,Equities,33.11,33.11,0.0
2022-08-31,PNR,Equities,43.74,43.74,0.0
2022-08-31,PEP,Equities,167.75,167.75,0.0
2022-08-31,QRVO,Equities,89.78,89.78,0.0
2022-08-31,PTC,Equities,114.89,114.89,0.0
2022-08-31,SLB,Equities,37.46,37.46,0.0
2022-08-31,SYY,Equities,80.11,80.11,0.0
2022-08-31,TEL,Equities,123.95,123.95,0.0
2022-08-31,TJX,Equities,61.36,61.36,0.0
2022-08-31,ARE,Equities,147.71,147.71,0.0
2022-08-31,BBY,Equities,67.45,67.45,0.0
2022-08-31,WYNN,Equities,60.29,60.29,0.0
2022-08-31,GWW,Equities,548.91,548.91,0.0
2022-08-31,XYL,Equities,90.28,90.28,0.0
2022-08-31,WAT,Equities,298.6,298.6,0.0
2022-09-30,GOOG,Equities,96.15,96.15,0.0
2022-09-30,ARE,Equities,136.12,136.12,0.0
2022-09-30,ANSS,Equities,221.7,221.7,0.0
2022-09-30,ACGL,Equities,45.54,45.54,0.0
2022-09-30,AZO,Equities,2141.93,2141.93,0.0
2022-09-30,AVY,Equities,160.61,160.61,0.0
2022-09-30,BK,Equities,37.21,37.21,0.0
2022-09-30,BR,Equities,142.18,142.18,0.0
2022-09-30,CPB,Equities,45.77,45.77,0.0
2022-09-30,CRL,Equities,196.8,196.8,0.0
2022-09-30,COP,Equities,98.72,98.72,0.0
2022-09-30,CAG,Equities,31.43,31.43,0.0
2022-09-30,DRI,Equities,122.18,122.18,0.0
2022-09-30,EBAY,Equities,36.21,36.21,0.0
2022-09-30,EW,Equities,82.63,82.63,0.0
2022-09-30,LLY,Equities,319.93,319.93,0.0
2022-09-30,ENPH,Equities,277.47,277.47,0.0
2022-09-30,EXR,Equities,166.33,166.33,0.0
2022-09-30,FOXA,Equities,30.46,30.46,0.0
2022-09-30,HAL,Equities,24.31,24.31,0.0
2022-09-30,HOLX,Equities,64.52,64.52,0.0
2022-09-30,IEX,Equities,197.54,197.54,0.0
2022-09-30,IFF,Equities,88.32,88.32,0.0
2022-09-30,LEN,Equities,73.44,73.44,0.0
2022-09-30,LYV,Equities,76.04,76.04,0.0
2022-09-30,LYB,Equities,71.4,71.4,0.0
2022-09-30,MMC,Equities,147.17,147.17,0.0
2022-09-30,META,Equities,135.68,135.68,0.0
2022-09-30,MHK,Equities,91.19,91.19,0.0
2022-09-30,MCO,Equities,240.73,240.73,0.0
2022-09-30,NWL,Equities,13.32,13.32,0.0
2022-09-30,ODFL,Equities,247.91,247.91,0.0
2022-09-30,PNR,Equities,39.94,39.94,0.0
2022-09-30,PEP,Equities,160.04,160.04,0.0
2022-09-30,DGX,Equities,120.27,120.27,0.0
2022-09-30,QRVO,Equities,79.41,79.41,0.0
2022-09-30,PTC,Equities,104.6,104.6,0.0
2022-09-30,REGN,Equities,688.87,688.87,0.0
2022-09-30,ROK,Equities,211.49,211.49,0.0
2022-09-30,SLB,Equities,35.42,35.42,0.0
2022-09-30,SO,Equities,65.29,65.29,0.0
2022-09-30,SEDG,Equities,231.46,231.46,0.0
2022-09-30,SYY,Equities,68.9,68.9,0.0
2022-09-30,STT,Equities,59.3,59.3,0.0
2022-09-30,TEL,Equities,108.38,108.38,0.0
2022-09-30,TPR,Equities,27.81,27.81,0.0
2022-09-30,TJX,Equities,61.14,61.14,0.0
2022-09-30,TFC,Equities,41.09,41.09,0.0
2022-09-30,AXP,Equities,132.98,132.98,0.0
2022-09-30,CSCO,Equities,38.73,38.73,0.0
2022-09-30,CPRT,Equities,26.6,26.6,0.0
2022-09-30,DAL,Equities,28.0,28.0,0.0
2022-09-30,BBY,Equities,61.18,61.18,0.0
2022-09-30,WAT,Equities,269.53,269.53,0.0
2022-09-30,GWW,Equities,483.87,483.87,0.0
2022-09-30,WYNN,Equities,62.72,62.72,0.0
2022-09-30,XYL,Equities,86.57,86.57,0.0
2022-10-31,ARE,Equities,155.199,141.09,-14.109000000000009
2022-10-31,AXP,Equities,161.579,146.89,-14.689000000000021
2022-10-31,ANSS,Equities,243.276,221.16,-22.116000000000014
2022-10-31,ACGL,Equities,63.25,57.5,-5.75
2022-10-31,AZO,Equities,2786.168,2532.88,-253.288
2022-10-31,BK,Equities,45.144,41.04,-4.103999999999999
2022-10-31,BBY,Equities,72.688,66.08,-6.608000000000004
2022-10-31,BR,Equities,162.624,147.84,-14.783999999999992
2022-10-31,CPB,Equities,56.969,51.79,-5.179000000000002
2022-10-31,CRL,Equities,233.475,212.25,-21.224999999999994
2022-10-31,COP,Equities,133.793,121.63,-12.163000000000011
2022-10-31,CPRT,Equities,31.636,28.76,-2.8759999999999977
2022-10-31,DRI,Equities,153.692,139.72,-13.972000000000008
2022-10-31,EBAY,Equities,43.109,39.19,-3.919000000000004
2022-10-31,EW,Equities,79.673,72.43,-7.242999999999995
2022-10-31,LLY,Equities,394.086,358.26,-35.82600000000002
2022-10-31,ENPH,Equities,337.7,307.0,-30.69999999999999
2022-10-31,EXR,Equities,187.968,170.88,-17.087999999999994
2022-10-31,FOXA,Equities,31.537,28.67,-2.8669999999999973
2022-10-31,HOLX,Equities,74.58,67.8,-6.780000000000001
2022-10-31,IEX,Equities,242.451,220.41,-22.040999999999997
2022-10-31,IFF,Equities,104.401,94.91,-9.491
2022-10-31,LEN,Equities,87.868,79.88,-7.9879999999999995
2022-10-31,LYV,Equities,87.571,79.61,-7.9609999999999985
2022-10-31,MMC,Equities,175.769,159.79,-15.979000000000013
2022-10-31,META,Equities,102.476,93.16,-9.316000000000003
2022-10-31,MHK,Equities,104.225,94.75,-9.474999999999994
2022-10-31,MCO,Equities,288.508,262.28,-26.22800000000001
2022-10-31,NWL,Equities,14.575,13.25,-1.3249999999999993
2022-10-31,ODFL,Equities,301.015,273.65,-27.36500000000001
2022-10-31,PNR,Equities,46.684,42.44,-4.244
2022-10-31,PEP,Equities,195.8,178.0,-17.80000000000001
2022-10-31,DGX,Equities,155.727,141.57,-14.15700000000001
2022-10-31,REGN,Equities,823.625,748.75,-74.875
2022-10-31,ROK,Equities,276.1,251.0,-25.100000000000023
2022-10-31,SLB,Equities,56.463,51.33,-5.133000000000003
2022-10-31,SO,Equities,69.157,62.87,-6.286999999999999
2022-10-31,SEDG,Equities,253.033,230.03,-23.002999999999986
2022-10-31,SYY,Equities,93.379,84.89,-8.489000000000004
2022-10-31,STT,Equities,79.376,72.16,-7.216000000000008
2022-10-31,TEL,Equities,132.044,120.04,-12.004000000000005
2022-10-31,TPR,Equities,34.089,30.99,-3.099
2022-10-31,TFC,Equities,46.497,42.27,-4.226999999999997
2022-10-31,AVY,Equities,184.107,167.37,-16.736999999999995
2022-10-31,DAL,Equities,37.246,33.86,-3.386000000000003
2022-10-31,HAL,Equities,39.556,35.96,-3.5959999999999965
2022-10-31,QRVO,Equities,94.688,86.08,-8.608000000000004
2022-10-31,TJX,Equities,78.056,70.96,-7.096000000000004
2022-10-31,CSCO,Equities,48.84,44.4,-4.440000000000005
2022-10-31,GOOG,Equities,104.126,94.66,-9.466000000000008
2022-10-31,LYB,Equities,79.761,72.51,-7.250999999999991
2022-10-31,PTC,Equities,129.613,117.83,-11.783000000000001
2022-10-31,CAG,Equities,38.885,35.35,-3.5349999999999966
2022-10-31,WYNN,Equities,69.949,63.59,-6.358999999999995
2022-10-31,GWW,Equities,635.8,578.0,-57.799999999999955
2022-10-31,XYL,Equities,111.65,101.5,-10.150000000000006
2022-10-31,WAT,Equities,329.087,299.17,-29.916999999999973
2022-11-30,GOOG,Equities,101.45,101.45,0.0
2022-11-30,ARE,Equities,151.1,151.1,0.0
2022-11-30,AZO,Equities,2579.0,2579.0,0.0
2022-11-30,AVY,Equities,190.84,190.84,0.0
2022-11-30,BK,Equities,44.73,44.73,0.0
2022-11-30,BBY,Equities,82.39,82.39,0.0
2022-11-30,CRL,Equities,228.57,228.57,0.0
2022-11-30,COP,Equities,119.61,119.61,0.0
2022-11-30,CPRT,Equities,33.28,33.28,0.0
2022-11-30,DRI,Equities,143.47,143.47,0.0
2022-11-30,DAL,Equities,35.3,35.3,0.0
2022-11-30,EBAY,Equities,44.92,44.92,0.0
2022-11-30,EW,Equities,77.25,77.25,0.0
2022-11-30,LLY,Equities,368.13,368.13,0.0
2022-11-30,ENPH,Equities,320.59,320.59,0.0
2022-11-30,EXR,Equities,154.75,154.75,0.0
2022-11-30,FOXA,Equities,32.22,32.22,0.0
2022-11-30,HAL,Equities,37.41,37.41,0.0
2022-11-30,HOLX,Equities,76.16,76.16,0.0
2022-11-30,IEX,Equities,235.46,235.46,0.0
2022-11-30,IFF,Equities,102.89,102.89,0.0
2022-11-30,LEN,Equities,86.94,86.94,0.0
2022-11-30,LYV,Equities,72.76,72.76,0.0
2022-11-30,MMC,Equities,171.36,171.36,0.0
2022-11-30,META,Equities,118.1,118.1,0.0
2022-11-30,MHK,Equities,101.33,101.33,0.0
2022-11-30,MCO,Equities,296.06,296.06,0.0
2022-11-30,NWL,Equities,12.66,12.66,0.0
2022-11-30,ODFL,Equities,301.56,301.56,0.0
2022-11-30,PNR,Equities,45.23,45.23,0.0
2022-11-30,PTC,Equities,127.21,127.21,0.0
2022-11-30,REGN,Equities,751.7,751.7,0.0
2022-11-30,ROK,Equities,260.99,260.99,0.0
2022-11-30,SLB,Equities,50.86,50.86,0.0
2022-11-30,SO,Equities,65.63,65.63,0.0
2022-11-30,SEDG,Equities,298.86,298.86,0.0
2022-11-30,SYY,Equities,84.84,84.84,0.0
2022-11-30,TEL,Equities,124.41,124.41,0.0
2022-11-30,TJX,Equities,79.11,79.11,0.0
2022-11-30,TFC,Equities,44.7,44.7,0.0
2022-11-30,ANSS,Equities,254.3,254.3,0.0
2022-11-30,BR,Equities,146.9,146.9,0.0
2022-11-30,CPB,Equities,52.54,52.54,0.0
2022-11-30,PEP,Equities,181.85,181.85,0.0
2022-11-30,DGX,Equities,149.64,149.64,0.0
2022-11-30,STT,Equities,77.69,77.69,0.0
2022-11-30,TPR,Equities,36.94,36.94,0.0
2022-11-30,AXP,Equities,155.93,155.93,0.0
2022-11-30,CAG,Equities,36.92,36.92,0.0
2022-11-30,ACGL,Equities,59.91,59.91,0.0
2022-11-30,CSCO,Equities,48.59,48.59,0.0
2022-11-30,LYB,Equities,81.73,81.73,0.0
2022-11-30,QRVO,Equities,99.25,99.25,0.0
2022-11-30,WAT,Equities,346.6,346.6,0.0
2022-11-30,WYNN,Equities,83.25,83.25,0.0
2022-11-30,GWW,Equities,598.25,598.25,0.0
2022-11-30,XYL,Equities,111.63,111.63,0.0
2022-12-31,TJX,Equities,78.67,78.67,0.0
2022-12-31,SYY,Equities,74.97,74.97,0.0
2022-12-31,PNR,Equities,44.45,44.45,0.0
2022-12-31,DGX,Equities,154.18,154.18,0.0
2022-12-31,WYNN,Equities,82.07,82.07,0.0
2022-12-31,STT,Equities,76.26,76.26,0.0
2022-12-31,META,Equities,120.34,120.34,0.0
2022-12-31,ANSS,Equities,241.59,241.59,0.0
2022-12-31,MHK,Equities,102.22,102.22,0.0
2022-12-31,GOOG,Equities,88.73,88.73,0.0
2022-12-31,TEL,Equities,113.25,113.25,0.0
2022-12-31,SO,Equities,69.29,69.29,0.0
2022-12-31,CRL,Equities,217.9,217.9,0.0
2022-12-31,GWW,Equities,551.81,551.81,0.0
2022-12-31,QRVO,Equities,90.64,90.64,0.0
2022-12-31,MCO,Equities,276.56,276.56,0.0
2022-12-31,REGN,Equities,721.49,721.49,0.0
2022-12-31,AVY,Equities,179.37,179.37,0.0
2022-12-31,BK,Equities,44.36,44.36,0.0
2022-12-31,IFF,Equities,102.74,102.74,0.0
2022-12-31,LEN,Equities,89.58,89.58,0.0
2022-12-31,ACGL,Equities,62.78,62.78,0.0
2022-12-31,HAL,Equities,38.98,38.98,0.0
2022-12-31,PTC,Equities,120.04,120.04,0.0
2022-12-31,AZO,Equities,2466.18,2466.18,0.0
2022-12-31,EW,Equities,74.61,74.61,0.0
2022-12-31,CAG,Equities,37.62,37.62,0.0
2022-12-31,CPB,Equities,55.55,55.55,0.0
2022-12-31,ENPH,Equities,264.96,264.96,0.0
2022-12-31,IEX,Equities,226.37,226.37,0.0
2022-12-31,WAT,Equities,342.58,342.58,0.0
2022-12-31,LYB,Equities,79.82,79.82,0.0
2022-12-31,TFC,Equities,41.09,41.09,0.0
2022-12-31,SLB,Equities,52.92,52.92,0.0
2022-12-31,HOLX,Equities,74.81,74.81,0.0
2022-12-31,SEDG,Equities,283.27,283.27,0.0
2022-12-31,EXR,Equities,143.09,143.09,0.0
2022-12-31,BR,Equities,132.81,132.81,0.0
2022-12-31,ODFL,Equities,283.09,283.09,0.0
2022-12-31,XYL,Equities,109.86,109.86,0.0
2022-12-31,PEP,Equities,178.2,178.2,0.0
2022-12-31,CSCO,Equities,46.56,46.56,0.0
2022-12-31,FOXA,Equities,30.16,30.16,0.0
2022-12-31,AXP,Equities,146.19,146.19,0.0
2022-12-31,COP,Equities,114.97,114.97,0.0
2022-12-31,NWL,Equities,12.77,12.77,0.0
2022-12-31,MMC,Equities,163.74,163.74,0.0
2022-12-31,EBAY,Equities,41.0,41.0,0.0
2022-12-31,CPRT,Equities,30.44,30.44,0.0
2022-12-31,TPR,Equities,37.55,37.55,0.0
2022-12-31,LLY,Equities,362.94,362.94,0.0
2022-12-31,LYV,Equities,69.74,69.74,0.0
2022-12-31,ARE,Equities,142.65,142.65,0.0
2022-12-31,BBY,Equities,78.32,78.32,0.0
2022-12-31,DRI,Equities,135.02,135.02,0.0
2022-12-31,DAL,Equities,32.79,32.79,0.0
2022-12-31,ROK,Equities,254.42,254.42,0.0
2023-01-31,ARE,Equities,157.41,157.41,0.0
2023-01-31,AXP,Equities,173.69,173.69,0.0
2023-01-31,ANSS,Equities,266.36,266.36,0.0
2023-01-31,AZO,Equities,2438.85,2438.85,0.0
2023-01-31,AVY,Equities,187.74,187.74,0.0
2023-01-31,BK,Equities,49.66,49.66,0.0
2023-01-31,BBY,Equities,86.63,86.63,0.0
2023-01-31,CPB,Equities,51.17,51.17,0.0
2023-01-31,CSCO,Equities,47.94,47.94,0.0
2023-01-31,COP,Equities,118.75,118.75,0.0
2023-01-31,CAG,Equities,36.48,36.48,0.0
2023-01-31,CPRT,Equities,33.3,33.3,0.0
2023-01-31,DRI,Equities,145.63,145.63,0.0
2023-01-31,DAL,Equities,39.02,39.02,0.0
2023-01-31,EBAY,Equities,48.94,48.94,0.0
2023-01-31,EW,Equities,76.7,76.7,0.0
2023-01-31,LLY,Equities,341.42,341.42,0.0
2023-01-31,EXR,Equities,153.45,153.45,0.0
2023-01-31,FOXA,Equities,33.7,33.7,0.0
2023-01-31,HAL,Equities,40.83,40.83,0.0
2023-01-31,HOLX,Equities,81.37,81.37,0.0
2023-01-31,IEX,Equities,238.23,238.23,0.0
2023-01-31,WAT,Equities,328.58,328.58,0.0
2023-01-31,WYNN,Equities,103.13,103.13,0.0
2023-01-31,GWW,Equities,584.78,584.78,0.0
2023-01-31,IFF,Equities,110.21,110.21,0.0
2023-01-31,LYV,Equities,80.49,80.49,0.0
2023-01-31,LYB,Equities,92.96,92.96,0.0
2023-01-31,META,Equities,148.97,148.97,0.0
2023-01-31,MHK,Equities,120.06,120.06,0.0
2023-01-31,NWL,Equities,15.58,15.58,0.0
2023-01-31,ODFL,Equities,332.43,332.43,0.0
2023-01-31,PNR,Equities,54.97,54.97,0.0
2023-01-31,PEP,Equities,168.69,168.69,0.0
2023-01-31,DGX,Equities,146.99,146.99,0.0
2023-01-31,PTC,Equities,134.88,134.88,0.0
2023-01-31,REGN,Equities,758.47,758.47,0.0
2023-01-31,ROK,Equities,278.58,278.58,0.0
2023-01-31,SLB,Equities,56.4,56.4,0.0
2023-01-31,SO,Equities,65.67,65.67,0.0
2023-01-31,SEDG,Equities,319.13,319.13,0.0
2023-01-31,SYY,Equities,76.45,76.45,0.0
2023-01-31,STT,Equities,89.78,89.78,0.0
2023-01-31,TEL,Equities,125.43,125.43,0.0
2023-01-31,TPR,Equities,44.94,44.94,0.0
2023-01-31,TJX,Equities,80.9,80.9,0.0
2023-01-31,TFC,Equities,47.17,47.17,0.0
2023-01-31,GOOG,Equities,99.87,99.87,0.0
2023-01-31,BR,Equities,148.88,148.88,0.0
2023-01-31,CRL,Equities,243.25,243.25,0.0
2023-01-31,ENPH,Equities,221.38,221.38,0.0
2023-01-31,MMC,Equities,173.66,173.66,0.0
2023-01-31,MCO,Equities,320.36,320.36,0.0
2023-01-31,QRVO,Equities,108.66,108.66,0.0
2023-01-31,ACGL,Equities,64.35,64.35,0.0
2023-01-31,LEN,Equities,101.75,101.75,0.0
2023-01-31,XYL,Equities,103.34,103.34,0.0
2023-02-28,GOOG,Equities,90.3,90.3,0.0
2023-02-28,ARE,Equities,146.67,146.67,0.0
2023-02-28,ANSS,Equities,303.61,303.61,0.0
2023-02-28,ACGL,Equities,70.0,70.0,0.0
2023-02-28,AZO,Equities,2486.54,2486.54,0.0
2023-02-28,AVY,Equities,181.3,181.3,0.0
2023-02-28,BBY,Equities,81.15,81.15,0.0
2023-02-28,BR,Equities,139.39,139.39,0.0
2023-02-28,CPB,Equities,51.75,51.75,0.0
2023-02-28,CRL,Equities,219.34,219.34,0.0
2023-02-28,CSCO,Equities,47.7,47.7,0.0
2023-02-28,COP,Equities,101.14,101.14,0.0
2023-02-28,CAG,Equities,35.71,35.71,0.0
2023-02-28,DAL,Equities,38.26,38.26,0.0
2023-02-28,EBAY,Equities,45.38,45.38,0.0
2023-02-28,LLY,Equities,309.75,309.75,0.0
2023-02-28,ENPH,Equities,210.53,210.53,0.0
2023-02-28,FOXA,Equities,35.02,35.02,0.0
2023-02-28,HAL,Equities,36.04,36.04,0.0
2023-02-28,HOLX,Equities,79.64,79.64,0.0
2023-02-28,IEX,Equities,223.62,223.62,0.0
2023-02-28,IFF,Equities,91.33,91.33,0.0
2023-02-28,LEN,Equities,96.13,96.13,0.0
2023-02-28,LYV,Equities,72.06,72.06,0.0
2023-02-28,LYB,Equities,92.28,92.28,0.0
2023-02-28,MMC,Equities,160.98,160.98,0.0
2023-02-28,META,Equities,174.94,174.94,0.0
2023-02-28,MHK,Equities,102.85,102.85,0.0
2023-02-28,MCO,Equities,288.76,288.76,0.0
2023-02-28,ODFL,Equities,338.83,338.83,0.0
2023-02-28,PNR,Equities,55.52,55.52,0.0
2023-02-28,PEP,Equities,171.17,171.17,0.0
2023-02-28,QRVO,Equities,100.89,100.89,0.0
2023-02-28,PTC,Equities,125.33,125.33,0.0
2023-02-28,REGN,Equities,760.42,760.42,0.0
2023-02-28,ROK,Equities,292.49,292.49,0.0
2023-02-28,SO,Equities,61.83,61.83,0.0
2023-02-28,SEDG,Equities,317.92,317.92,0.0
2023-02-28,SYY,Equities,73.6,73.6,0.0
2023-02-28,STT,Equities,87.18,87.18,0.0
2023-02-28,TEL,Equities,126.13,126.13,0.0
2023-02-28,TPR,Equities,42.91,42.91,0.0
2023-02-28,TJX,Equities,75.98,75.98,0.0
2023-02-28,TFC,Equities,45.31,45.31,0.0
2023-02-28,AXP,Equities,172.76,172.76,0.0
2023-02-28,CPRT,Equities,35.23,35.23,0.0
2023-02-28,DRI,Equities,140.73,140.73,0.0
2023-02-28,EW,Equities,80.44,80.44,0.0
2023-02-28,NWL,Equities,14.57,14.57,0.0
2023-02-28,SLB,Equities,52.92,52.92,0.0
2023-02-28,BK,Equities,49.97,49.97,0.0
2023-02-28,EXR,Equities,160.08,160.08,0.0
2023-02-28,DGX,Equities,136.97,136.97,0.0
2023-02-28,WAT,Equities,310.89,310.89,0.0
2023-02-28,WYNN,Equities,107.84,107.84,0.0
2023-02-28,GWW,Equities,664.83,664.83,0.0
2023-02-28,XYL,Equities,102.31,102.31,0.0
2023-03-31,GOOG,Equities,104.0,104.0,0.0
2023-03-31,AXP,Equities,163.78,163.78,0.0
2023-03-31,ANSS,Equities,332.8,332.8,0.0
2023-03-31,AZO,Equities,2458.15,2458.15,0.0
2023-03-31,AVY,Equities,178.06,178.06,0.0
2023-03-31,BK,Equities,44.62,44.62,0.0
2023-03-31,BR,Equities,145.9,145.9,0.0
2023-03-31,CPB,Equities,54.18,54.18,0.0
2023-03-31,CRL,Equities,201.82,201.82,0.0
2023-03-31,CSCO,Equities,51.49,51.49,0.0
2023-03-31,COP,Equities,97.69,97.69,0.0
2023-03-31,CPRT,Equities,37.6,37.6,0.0
2023-03-31,DRI,Equities,152.7,152.7,0.0
2023-03-31,DAL,Equities,34.85,34.85,0.0
2023-03-31,EW,Equities,82.73,82.73,0.0
2023-03-31,ENPH,Equities,210.28,210.28,0.0
2023-03-31,EXR,Equities,160.05,160.05,0.0
2023-03-31,FOXA,Equities,34.05,34.05,0.0
2023-03-31,HAL,Equities,31.48,31.48,0.0
2023-03-31,HOLX,Equities,80.7,80.7,0.0
2023-03-31,IEX,Equities,229.64,229.64,0.0
2023-03-31,IFF,Equities,91.01,91.01,0.0
2023-03-31,LEN,Equities,104.44,104.44,0.0
2023-03-31,LYV,Equities,70.0,70.0,0.0
2023-03-31,LYB,Equities,91.38,91.38,0.0
2023-03-31,META,Equities,211.94,211.94,0.0
2023-03-31,NWL,Equities,12.34,12.34,0.0
2023-03-31,PNR,Equities,54.86,54.86,0.0
2023-03-31,PEP,Equities,181.04,181.04,0.0
2023-03-31,DGX,Equities,140.06,140.06,0.0
2023-03-31,PTC,Equities,128.23,128.23,0.0
2023-03-31,ROK,Equities,291.02,291.02,0.0
2023-03-31,SLB,Equities,48.83,48.83,0.0
2023-03-31,SO,Equities,68.22,68.22,0.0
2023-03-31,SEDG,Equities,303.95,303.95,0.0
2023-03-31,SYY,Equities,76.23,76.23,0.0
2023-03-31,STT,Equities,75.04,75.04,0.0
2023-03-31,TEL,Equities,129.92,129.92,0.0
2023-03-31,TPR,Equities,42.81,42.81,0.0
2023-03-31,TJX,Equities,77.73,77.73,0.0
2023-03-31,ARE,Equities,124.21,124.21,0.0
2023-03-31,ACGL,Equities,67.87,67.87,0.0
2023-03-31,CAG,Equities,36.84,36.84,0.0
2023-03-31,EBAY,Equities,44.12,44.12,0.0
2023-03-31,LLY,Equities,341.8,341.8,0.0
2023-03-31,MMC,Equities,165.36,165.36,0.0
2023-03-31,MHK,Equities,100.22,100.22,0.0
2023-03-31,MCO,Equities,304.55,304.55,0.0
2023-03-31,ODFL,Equities,340.41,340.41,0.0
2023-03-31,QRVO,Equities,101.57,101.57,0.0
2023-03-31,TFC,Equities,32.91,32.91,0.0
2023-03-31,REGN,Equities,821.67,821.67,0.0
2023-03-31,BBY,Equities,77.34,77.34,0.0
2023-03-31,WAT,Equities,309.63,309.63,0.0
2023-03-31,GWW,Equities,685.1,685.1,0.0
2023-03-31,XYL,Equities,104.35,104.35,0.0
2023-03-31,WYNN,Equities,111.36,111.36,0.0
2023-04-30,TJX,Equities,78.19,78.19,0.0
2023-04-30,SYY,Equities,76.22,76.22,0.0
2023-04-30,PNR,Equities,57.89,57.89,0.0
2023-04-30,AXP,Equities,160.79,160.79,0.0
2023-04-30,COP,Equities,101.31,101.31,0.0
2023-04-30,DGX,Equities,138.1,138.1,0.0
2023-04-30,WYNN,Equities,113.72,113.72,0.0
2023-04-30,META,Equities,240.32,240.32,0.0
2023-04-30,ANSS,Equities,313.92,313.92,0.0
2023-04-30,MHK,Equities,105.9,105.9,0.0
2023-04-30,GOOG,Equities,108.22,108.22,0.0
2023-04-30,NWL,Equities,12.05,12.05,0.0
2023-04-30,MMC,Equities,179.53,179.53,0.0
2023-04-30,CRL,Equities,190.12,190.12,0.0
2023-04-30,GWW,Equities,691.82,691.82,0.0
2023-04-30,EBAY,Equities,46.16,46.16,0.0
2023-04-30,REGN,Equities,801.79,801.79,0.0
2023-04-30,AVY,Equities,173.63,173.63,0.0
2023-04-30,BK,Equities,42.2,42.2,0.0
2023-04-30,IFF,Equities,95.96,95.96,0.0
2023-04-30,CPRT,Equities,39.52,39.52,0.0
2023-04-30,LEN,Equities,112.47,112.47,0.0
2023-04-30,TPR,Equities,40.53,40.53,0.0
2023-04-30,ACGL,Equities,75.07,75.07,0.0
2023-04-30,HAL,Equities,32.58,32.58,0.0
2023-04-30,ROK,Equities,281.06,281.06,0.0
2023-04-30,LLY,Equities,393.99,393.99,0.0
2023-04-30,LYV,Equities,67.78,67.78,0.0
2023-04-30,AZO,Equities,2663.31,2663.31,0.0
2023-04-30,EW,Equities,87.98,87.98,0.0
2023-04-30,CPB,Equities,53.87,53.87,0.0
2023-04-30,ENPH,Equities,164.2,164.2,0.0
2023-04-30,DRI,Equities,150.72,150.72,0.0
2023-04-30,IEX,Equities,205.08,205.08,0.0
2023-04-30,LYB,Equities,92.08,92.08,0.0
2023-04-30,SLB,Equities,49.08,49.08,0.0
2023-04-30,DAL,Equities,34.24,34.24,0.0
2023-04-30,HOLX,Equities,86.01,86.01,0.0
2023-04-30,SEDG,Equities,285.63,285.63,0.0
2023-04-30,EXR,Equities,149.35,149.35,0.0
2023-04-30,BR,Equities,144.74,144.74,0.0
2023-04-30,ODFL,Equities,319.98,319.98,0.0
2023-04-30,PEP,Equities,189.57,189.57,0.0
2023-04-30,FOXA,Equities,33.26,33.26,0.0
2023-04-30,STT,Equities,71.64,71.64,0.0
2023-04-30,SO,Equities,72.11,72.11,0.0
2023-04-30,QRVO,Equities,92.08,92.08,0.0
2023-04-30,MCO,Equities,311.62,311.62,0.0
2023-04-30,PTC,Equities,125.79,125.79,0.0
2023-04-30,ARE,Equities,122.81,122.81,0.0
2023-04-30,WAT,Equities,300.36,300.36,0.0
2023-04-30,TFC,Equities,31.44,31.44,0.0
2023-04-30,XYL,Equities,103.49,103.49,0.0
2023-04-30,CSCO,Equities,46.89,46.89,0.0
2023-04-30,BBY,Equities,73.63,73.63,0.0
2023-04-30,TEL,Equities,121.22,121.22,0.0
2023-04-30,CAG,Equities,37.56,37.56,0.0
2023-05-31,GOOG,Equities,123.37,123.37,0.0
2023-05-31,ARE,Equities,112.21,112.21,0.0
2023-05-31,AXP,Equities,158.02,158.02,0.0
2023-05-31,ANSS,Equities,323.59,323.59,0.0
2023-05-31,ACGL,Equities,69.7,69.7,0.0
2023-05-31,AZO,Equities,2386.84,2386.84,0.0
2023-05-31,AVY,Equities,160.34,160.34,0.0
2023-05-31,BK,Equities,39.83,39.83,0.0
2023-05-31,BBY,Equities,71.81,71.81,0.0
2023-05-31,CPB,Equities,50.15,50.15,0.0
2023-05-31,CRL,Equities,193.38,193.38,0.0
2023-05-31,CSCO,Equities,49.3,49.3,0.0
2023-05-31,COP,Equities,98.28,98.28,0.0
2023-05-31,CAG,Equities,34.5,34.5,0.0
2023-05-31,CPRT,Equities,43.8,43.8,0.0
2023-05-31,DRI,Equities,157.25,157.25,0.0
2023-05-31,DAL,Equities,36.25,36.25,0.0
2023-05-31,EBAY,Equities,42.54,42.54,0.0
2023-05-31,LLY,Equities,428.54,428.54,0.0
2023-05-31,ENPH,Equities,173.88,173.88,0.0
2023-05-31,EXR,Equities,141.72,141.72,0.0
2023-05-31,FOXA,Equities,31.2,31.2,0.0
2023-05-31,HAL,Equities,28.5,28.5,0.0
2023-05-31,HOLX,Equities,78.89,78.89,0.0
2023-05-31,IFF,Equities,76.49,76.49,0.0
2023-05-31,LEN,Equities,106.8,106.8,0.0
2023-05-31,MMC,Equities,172.54,172.54,0.0
2023-05-31,META,Equities,264.72,264.72,0.0
2023-05-31,MHK,Equities,92.04,92.04,0.0
2023-05-31,NWL,Equities,8.31,8.31,0.0
2023-05-31,ODFL,Equities,310.04,310.04,0.0
2023-05-31,PNR,Equities,55.29,55.29,0.0
2023-05-31,PEP,Equities,181.08,181.08,0.0
2023-05-31,DGX,Equities,131.97,131.97,0.0
2023-05-31,PTC,Equities,134.4,134.4,0.0
2023-05-31,REGN,Equities,735.56,735.56,0.0
2023-05-31,ROK,Equities,277.5,277.5,0.0
2023-05-31,SLB,Equities,42.6,42.6,0.0
2023-05-31,SO,Equities,69.03,69.03,0.0
2023-05-31,SEDG,Equities,284.83,284.83,0.0
2023-05-31,SYY,Equities,69.48,69.48,0.0
2023-05-31,STT,Equities,67.43,67.43,0.0
2023-05-31,TEL,Equities,121.92,121.92,0.0
2023-05-31,TJX,Equities,76.5,76.5,0.0
2023-05-31,BR,Equities,146.05,146.05,0.0
2023-05-31,EW,Equities,84.23,84.23,0.0
2023-05-31,IEX,Equities,197.96,197.96,0.0
2023-05-31,LYV,Equities,79.94,79.94,0.0
2023-05-31,LYB,Equities,84.44,84.44,0.0
2023-05-31,MCO,Equities,316.14,316.14,0.0
2023-05-31,QRVO,Equities,97.26,97.26,0.0
2023-05-31,TPR,Equities,39.74,39.74,0.0
2023-05-31,TFC,Equities,29.97,29.97,0.0
2023-05-31,WAT,Equities,251.22,251.22,0.0
2023-05-31,WYNN,Equities,98.44,98.44,0.0
2023-05-31,GWW,Equities,647.33,647.33,0.0
2023-05-31,XYL,Equities,100.2,100.2,0.0
2023-06-30,ARE,Equities,113.49,113.49,0.0
2023-06-30,ANSS,Equities,330.27,330.27,0.0
2023-06-30,ACGL,Equities,74.85,74.85,0.0
2023-06-30,AZO,Equities,2493.36,2493.36,0.0
2023-06-30,AVY,Equities,171.8,171.8,0.0
2023-06-30,BBY,Equities,81.95,81.95,0.0
2023-06-30,BR,Equities,165.63,165.63,0.0
2023-06-30,CPB,Equities,45.35,45.35,0.0
2023-06-30,CRL,Equities,210.25,210.25,0.0
2023-06-30,CSCO,Equities,51.35,51.35,0.0
2023-06-30,COP,Equities,103.16,103.16,0.0
2023-06-30,CAG,Equities,33.36,33.36,0.0
2023-06-30,CPRT,Equities,45.6,45.6,0.0
2023-06-30,DRI,Equities,165.75,165.75,0.0
2023-06-30,DAL,Equities,47.44,47.44,0.0
2023-06-30,EBAY,Equities,44.69,44.69,0.0
2023-06-30,LLY,Equities,467.98,467.98,0.0
2023-06-30,ENPH,Equities,167.48,167.48,0.0
2023-06-30,EXR,Equities,147.86,147.86,0.0
2023-06-30,FOXA,Equities,34.0,34.0,0.0
2023-06-30,HAL,Equities,32.99,32.99,0.0
2023-06-30,HOLX,Equities,80.97,80.97,0.0
2023-06-30,IEX,Equities,214.62,214.62,0.0
2023-06-30,LEN,Equities,124.93,124.93,0.0
2023-06-30,LYV,Equities,91.11,91.11,0.0
2023-06-30,LYB,Equities,90.65,90.65,0.0
2023-06-30,MMC,Equities,187.39,187.39,0.0
2023-06-30,META,Equities,286.98,286.98,0.0
2023-06-30,MCO,Equities,346.91,346.91,0.0
2023-06-30,NWL,Equities,8.7,8.7,0.0
2023-06-30,ODFL,Equities,369.75,369.75,0.0
2023-06-30,PNR,Equities,64.39,64.39,0.0
2023-06-30,PEP,Equities,185.22,185.22,0.0
2023-06-30,DGX,Equities,139.84,139.84,0.0
2023-06-30,QRVO,Equities,102.03,102.03,0.0
2023-06-30,PTC,Equities,142.3,142.3,0.0
2023-06-30,REGN,Equities,718.54,718.54,0.0
2023-06-30,ROK,Equities,328.15,328.15,0.0
2023-06-30,SLB,Equities,49.12,49.12,0.0
2023-06-30,SO,Equities,69.53,69.53,0.0
2023-06-30,SEDG,Equities,269.05,269.05,0.0
2023-06-30,SYY,Equities,73.7,73.7,0.0
2023-06-30,STT,Equities,73.18,73.18,0.0
2023-06-30,TEL,Equities,139.52,139.52,0.0
2023-06-30,TJX,Equities,84.46,84.46,0.0
2023-06-30,TFC,Equities,29.85,29.85,0.0
2023-06-30,GOOG,Equities,120.97,120.97,0.0
2023-06-30,EW,Equities,94.33,94.33,0.0
2023-06-30,IFF,Equities,79.59,79.59,0.0
2023-06-30,MHK,Equities,103.16,103.16,0.0
2023-06-30,TPR,Equities,42.8,42.8,0.0
2023-06-30,AXP,Equities,173.6,173.6,0.0
2023-06-30,BK,Equities,44.11,44.11,0.0
2023-06-30,WAT,Equities,266.54,266.54,0.0
2023-06-30,WYNN,Equities,105.33,105.33,0.0
2023-06-30,GWW,Equities,786.53,786.53,0.0
2023-06-30,XYL,Equities,112.62,112.62,0.0
2023-07-31,ARE,Equities,125.68,125.68,0.0
2023-07-31,AXP,Equities,168.88,168.88,0.0
2023-07-31,ANSS,Equities,342.1,342.1,0.0
2023-07-31,ACGL,Equities,77.69,77.69,0.0
2023-07-31,AZO,Equities,2481.72,2481.72,0.0
2023-07-31,AVY,Equities,184.01,184.01,0.0
2023-07-31,BK,Equities,45.36,45.36,0.0
2023-07-31,BBY,Equities,83.05,83.05,0.0
2023-07-31,BR,Equities,167.92,167.92,0.0
2023-07-31,CRL,Equities,209.54,209.54,0.0
2023-07-31,CSCO,Equities,52.04,52.04,0.0
2023-07-31,COP,Equities,117.21,117.21,0.0
2023-07-31,CPRT,Equities,44.2,44.2,0.0
2023-07-31,DRI,Equities,168.92,168.92,0.0
2023-07-31,EBAY,Equities,44.51,44.51,0.0
2023-07-31,EW,Equities,82.07,82.07,0.0
2023-07-31,LLY,Equities,453.58,453.58,0.0
2023-07-31,ENPH,Equities,151.83,151.83,0.0
2023-07-31,EXR,Equities,139.57,139.57,0.0
2023-07-31,FOXA,Equities,33.45,33.45,0.0
2023-07-31,HOLX,Equities,79.42,79.42,0.0
2023-07-31,IEX,Equities,225.81,225.81,0.0
2023-07-31,IFF,Equities,84.61,84.61,0.0
2023-07-31,LEN,Equities,126.83,126.83,0.0
2023-07-31,LYV,Equities,87.75,87.75,0.0
2023-07-31,LYB,Equities,97.59,97.59,0.0
2023-07-31,MMC,Equities,188.42,188.42,0.0
2023-07-31,META,Equities,318.6,318.6,0.0
2023-07-31,MHK,Equities,106.34,106.34,0.0
2023-07-31,NWL,Equities,11.16,11.16,0.0
2023-07-31,ODFL,Equities,419.49,419.49,0.0
2023-07-31,PNR,Equities,69.5,69.5,0.0
2023-07-31,DGX,Equities,135.21,135.21,0.0
2023-07-31,PTC,Equities,145.81,145.81,0.0
2023-07-31,REGN,Equities,741.91,741.91,0.0
2023-07-31,ROK,Equities,334.96,334.96,0.0
2023-07-31,SO,Equities,71.6,71.6,0.0
2023-07-31,SEDG,Equities,241.46,241.46,0.0
2023-07-31,SYY,Equities,76.31,76.31,0.0
2023-07-31,STT,Equities,72.44,72.44,0.0
2023-07-31,TEL,Equities,142.84,142.84,0.0
2023-07-31,TPR,Equities,43.15,43.15,0.0
2023-07-31,TFC,Equities,32.67,32.67,0.0
2023-07-31,GOOG,Equities,133.11,133.11,0.0
2023-07-31,CPB,Equities,45.82,45.82,0.0
2023-07-31,DAL,Equities,46.26,46.26,0.0
2023-07-31,MCO,Equities,351.93,351.93,0.0
2023-07-31,QRVO,Equities,110.02,110.02,0.0
2023-07-31,SLB,Equities,58.34,58.34,0.0
2023-07-31,TJX,Equities,86.2,86.2,0.0
2023-07-31,HAL,Equities,39.08,39.08,0.0
2023-07-31,CAG,Equities,32.81,32.81,0.0
2023-07-31,PEP,Equities,187.46,187.46,0.0
2023-07-31,WAT,Equities,276.21,276.21,0.0
2023-07-31,WYNN,Equities,108.69,108.69,0.0
2023-07-31,GWW,Equities,736.56,736.56,0.0
2023-07-31,XYL,Equities,112.75,112.75,0.0
2023-08-31,AXP,Equities,154.01,154.01,0.0
2023-08-31,ANSS,Equities,296.03,296.03,0.0
2023-08-31,AZO,Equities,2451.69,2451.69,0.0
2023-08-31,AVY,Equities,180.83,180.83,0.0
2023-08-31,BK,Equities,42.21,42.21,0.0
2023-08-31,BBY,Equities,73.56,73.56,0.0
2023-08-31,BR,Equities,184.32,184.32,0.0
2023-08-31,CRL,Equities,189.62,189.62,0.0
2023-08-31,COP,Equities,116.83,116.83,0.0
2023-08-31,CAG,Equities,30.91,30.91,0.0
2023-08-31,CPRT,Equities,43.81,43.81,0.0
2023-08-31,DRI,Equities,155.38,155.38,0.0
2023-08-31,DAL,Equities,42.17,42.17,0.0
2023-08-31,EBAY,Equities,46.17,46.17,0.0
2023-08-31,EW,Equities,77.06,77.06,0.0
2023-08-31,LLY,Equities,583.21,583.21,0.0
2023-08-31,ENPH,Equities,89.12,89.12,0.0
2023-08-31,EXR,Equities,128.98,128.98,0.0
2023-08-31,FOXA,Equities,32.12,32.12,0.0
2023-08-31,HOLX,Equities,78.65,78.65,0.0
2023-08-31,IEX,Equities,214.8,214.8,0.0
2023-08-31,IFF,Equities,66.27,66.27,0.0
2023-08-31,LEN,Equities,115.65,115.65,0.0
2023-08-31,LYV,Equities,86.59,86.59,0.0
2023-08-31,LYB,Equities,96.19,96.19,0.0
2023-08-31,MMC,Equities,195.87,195.87,0.0
2023-08-31,META,Equities,326.12,326.12,0.0
2023-08-31,MHK,Equities,102.39,102.39,0.0
2023-08-31,MCO,Equities,345.1,345.1,0.0
2023-08-31,NWL,Equities,9.06,9.06,0.0
2023-08-31,PNR,Equities,72.25,72.25,0.0
2023-08-31,PEP,Equities,185.49,185.49,0.0
2023-08-31,DGX,Equities,127.19,127.19,0.0
2023-08-31,PTC,Equities,143.74,143.74,0.0
2023-08-31,REGN,Equities,836.56,836.56,0.0
2023-08-31,ROK,Equities,311.24,311.24,0.0
2023-08-31,SLB,Equities,55.72,55.72,0.0
2023-08-31,SO,Equities,68.53,68.53,0.0
2023-08-31,SEDG,Equities,139.82,139.82,0.0
2023-08-31,SYY,Equities,70.92,70.92,0.0
2023-08-31,TJX,Equities,88.7,88.7,0.0
2023-08-31,TFC,Equities,28.86,28.86,0.0
2023-08-31,GOOG,Equities,132.91,132.91,0.0
2023-08-31,ACGL,Equities,79.01,79.01,0.0
2023-08-31,CPB,Equities,42.83,42.83,0.0
2023-08-31,CSCO,Equities,56.07,56.07,0.0
2023-08-31,HAL,Equities,37.18,37.18,0.0
2023-08-31,ODFL,Equities,372.56,372.56,0.0
2023-08-31,STT,Equities,65.62,65.62,0.0
2023-08-31,TEL,Equities,123.43,123.43,0.0
2023-08-31,TPR,Equities,32.01,32.01,0.0
2023-08-31,ARE,Equities,112.91,112.91,0.0
2023-08-31,QRVO,Equities,101.41,101.41,0.0
2023-08-31,GWW,Equities,742.12,742.12,0.0
2023-08-31,XYL,Equities,101.35,101.35,0.0
2023-08-31,WYNN,Equities,96.73,96.73,0.0
2023-08-31,WAT,Equities,265.64,265.64,0.0
